7001,Búa phá ?á,axe
7002,Tên n?,bow
7003,AK-48,gun
7005,Súng Hoàng Kim,goldgun
7006,VIP-Pháo,bombpack
7007,VIP-L?u ??n,bomb
7008,VIP-Phi tiêu,dart
7009,VIP-S?m sét,electricbar
7010,VIP-Lu g?ch,brick
7011,VIP_ GI? ??,fruit
7012,VIP-T? thu?c,OPSbox
7013,VIP-Túi v? khí,closestool
7014,"Vip TV, t? l?nh",television
7015,WOW-Pháo,Sbombpack
7016,WOW-L?u ??n,Sbomb
7017,WOW-Phi tiêu,Sdart
7018,WOW-S?m sét,Selectricbar
7019,Wow Lu g?ch,Sbrick
7020,Wow GI? ??,Sfruit
7021,Wow T? thu?c,SOPSbox
7022,Wow Túi v? khí,Sclosestool
7023,"Wow TV, t? l?nh",Stelevision
7024,SUPER-Boomerang,boomerang
7025,?,bow3
7026,SUPER-Th??ng c?,pike
7027,SUPER-Búa Minotaure,ghostaxe
7028,D?ng c? h?c t?p,daydayup
7031,SUPER-Ki?m Thánh,keris
7032,SUPER-Bazooka,bazooka
7035,Boomerang,boomerang
7036,Th??ng c?,pike
7037,Búa Minotaure,ghostaxe
7038,VIP-Túc c?u,Football
7039,WOW-Túc c?u,SFootball
7040,WOW-Ná Th?n,Sslingshot
7041,SUPER-Ná Th?n,slingshot
7042,Thùng tát n??c,basin
7045,wow-kem,Sicecream
7046,WOW-Xe h?i,Scar
7047,Súng N??c Ma L?c,Swatergun
7048,WOW-Photocopy,Soffice
7049,VIP- Samurai,nihontou
7050,WOW- Samurai,Snihontou
7051,LEGEND - Ná Th?n,Bslingshot
7053,wow-karaoke,Snoisemachine
7054,Th?n s?c m?nh,Football
7055,WOW- Th? v?n h?i,Storch
7056,Chân-Pháo ngh?ch thiên,bazooka
7057,Ki?m bá t??c,keris
7058,G?y ma pháp,wand
7059,wow-sushi,Ssushi
7060,wow-noel,Stree
7063,SUPER-Maya,maya
7064,L??i Hái T? Th?n,sickle1
7065,Qu?t th?n,Stambourine
7066,WOW-No? Thâ?n,Scrossbow
7067,SUPER-No? Thâ?n,crossbow
7068,LEGEND-No? Thâ?n,Bcrossbow
7069,WOW-Tr?ng phu?c sinh,paintedegg
7070,WOW·Thùng tát n??c,basin
7073,Wow-Hoa? Phu?ng Ki?ch,Strident
7075,WOW-Ch?i bay,besom
7076,WOW-Cá M?p,Shook1
7080,Wow-Thánh Gióng,Sbamboo
7081,WOW-Maya,SSmaya1
7082,LEGEND-Maya,Smaya1
7086,Cu?ng Long Tr??ng,wand
7087,Wow-Th?n th??ng,flintlock
7089,SUPER-H?a Ph?ng Kích,trident
7090,Super-Karaoke,noisemachine
7092,Super-Lu G?ch,Ssbrick
7093,Wow-G??m Th?n,Ssword
7094,SUPER-G??m Th?n,sword
7095,Legend-G??m Th?n,SSsword
7096,Legend - Pháo Hoa,Sfirework
7098,WOW-Cá Chép,lotuscarp
7099,Legend-Boomerang,superboomerang
7100,WOW - Ng??i tuy?t,Ssnowman
7101,Búa ??ng,axe2
7102,Cung ??ng,bow2
7103,Pháo,bombpack
7104,L?u ??n,bomb
7105,Phi tiêu,dart
7106,S?m sét,electricbar
7107,Lu sành s?,brick
7108,Gi? trái cây,fruit
7109,Dao ph?u thu?t,OPSbox
7110,Cái bô,closestool
7111,?i?n gia d?ng,television
7112,Phi Tiêu,dart
7113,Super-L?u ??n,Ssbomb
7114,Super-S?m Sét,Sselectricbar
7115,Super - Qu?t Th?n,stroublemaker
7116,Legend-Ng? Lôi,Slasercannon
7117,Super-Pháo,SSbombpack
7118,Super-Phi Tiêu,Ssdart
7119,Super-Gi? Trái Cây,Ssfruit
7120,Super-T? Thu?c,SSOPSbox
7121,Super-Túi V? Khí,Ssclosestool
7122,Super_Tivi T? L?nh,Sstelevision
7124,Super-Samurai,Ssnihontou
7125,Super-Ch?i Bay,Sbesom
7126,Super-Hoa Tình Yêu,Sthebouquet
7127,Super-K?o Ma Quái,lollipop
7128,Legend-K?o Ma Quái,Slollipop
7129,Legend-Halloween,Spumpkin
7130,SUPER-Halloween,pumpkin
7131,Super-Ng? Lôi,lasercannon
7132,Quy?n Tr??ng B?ng Giá,Sicestick
7133,Quy?n Tr??ng B?ng Giá,Sicestick
7135,Legend-Tr?ng phu?c sinh,SSSpaintedegg
7136,Legend·Cúp Vàng,Strophy
7137,Legend·Th?n Giáo Ares,Sspear
7138,Supper Th?n Giáo Ares,spear
7139,Legend - Dép Lào,Sslippers
7140,S - Cây Th?n,thorhammer
7141,LEGEND - Búa Thor,Sthorhammer
7142,Super-Roi Th?n,Snunchakus
7144,S - Nàng Cóc Th?n,dragon
7145,Th?n R?ng L?a,dragon
7148,WOW - Qu?t Gà,aircon
7155,LEGEND-Cá Chép,Llotuscarp
7156,SUPER-Cá Chép,Slotuscarp
7165,LEGEND - Sách H?c Ám,Smagicbook
7166,SUPER - Sách H?c Ám,magicbook
7176,SUPER - ?àn H?c Ám,organ
7178,LEGEND - ?àn H?c Ám,Sorgan
7179,????,Sfirework3
7181,SUPER-Lì Xì,luckmoney
7182,LEGEND-Lì Xì,Sluckmoney
7184,LEGEND-G?y Nh? Ý,SSSgcudgel
7185,SUPER-G?y Nh? Ý,SSgcudgel
7186,WOW-G?y Nh? Ý,Sgcudgel
7188,LEGEND-Vua Mèo,Lcat
7189,WOW-Vua Mèo,cat
7190,WOW-X?p Hình,Sgamegun
7191,SUPER-X?p Hình,SSgamegun
7192,LEGEND-X?p Hình,SSSgamegun
7194,LEGEND-Th??ng C?,ygzq
7196,LEGEND-Thánh Ki?m Theia,11601
7199,SUPER-Vua Mèo,Scat
7201,Búa vàng,axe3
7202,N? vàng,bow3
7209,WOW-GunPhone,11901
7210,SUPER-GunPhone,S11901
7211,LEGEND-GunPhone,SS11901
7212,WOW-V?c-xin,12001
7213,SUPER-V?c-xin,S12001
7501,Hoàng Kim V?*,godofluck5
7502,Chi?n th?n*,ghostaxe4
7548,SUPER - Qu?t Gà,Saircon
7549,LEGEND - Qu?t Gà,SSaircon
70016,Búa vàng,axe
70061,VIP-Pháo,bombpack2
70062,VIP-Pháo,bombpack3
70063,VIP-Pháo,bombpack4
70064,VIP-Pháo,bombpack6
70071,VIP-L?u ??n,bomb2
70072,VIP-L?u ??n,bomb3
70073,VIP-L?u ??n,bomb4
70074,VIP-L?u ??n,bomb6
70081,VIP-Phi tiêu,dart2
70082,VIP-Phi tiêu,dart3
70083,VIP-Phi tiêu,dart4
70084,VIP-Phi tiêu,dart6
70091,VIP-S?m sét,electricbar2
70092,VIP-S?m sét,electricbar3
70093,VIP-S?m sét,electricbar4
70094,VIP-S?m sét,electricbar6
70101,VIP-Lu g?ch,brick2
70102,VIP-Lu g?ch,brick3
70103,VIP-Lu g?ch,brick4
70104,VIP-Lu g?ch,brick6
70111,VIP-Gi? trái cây,fruit2
70112,VIP-Gi? trái cây,fruit3
70113,VIP-Gi? trái cây,fruit4
70114,VIP-Gi? trái cây,fruit6
70121,VIP-T? thu?c,OPSbox2
70122,VIP-T? thu?c,OPSbox3
70123,VIP-T? thu?c,OPSbox4
70124,VIP-T? thu?c,OPSbox6
70131,VIP-Túi v? khí,closestool2
70132,VIP-Túi v? khí,closestool3
70133,VIP-Túi v? khí,closestool4
70134,VIP-Túi v? khí,closestool6
70141,VIP-Tivi T? l?nh,television2
70142,VIP-Tivi T? l?nh,television3
70143,VIP-Tivi T? l?nh,television4
70144,VIP-Tivi T? l?nh,television6
70151,WOW-Pháo,Sbombpack2
70152,WOW-Pháo,Sbombpack3
70153,WOW-Pháo,Sbombpack4
70154,WOW-Pháo,sbombpack6
70161,WOW-L?u ??n,Sbomb2
70162,WOW-L?u ??n,Sbomb3
70163,WOW-L?u ??n,Sbomb4
70164,WOW-L?u ??n,Sbomb6
70171,WOW-Phi tiêu,Sdart2
70172,WOW-Phi tiêu,Sdart3
70173,WOW-Phi tiêu,Sdart4
70174,WOW-Phi tiêu,Sdart6
70181,WOW-S?m sét,Selectricbar2
70182,WOW-S?m sét,Selectricbar3
70183,WOW-S?m sét,Selectricbar4
70184,WOW-S?m sét,Selectricbar6
70191,WOW-Lu g?ch,Sbrick2
70192,WOW-Lu g?ch,Sbrick3
70193,WOW-Lu g?ch,Sbrick4
70194,WOW-Lu g?ch,Sbrick6
70201,WOW-Gi? trái cây,Sfruit2
70202,WOW-Gi? trái cây,Sfruit3
70203,WOW-Gi? trái cây,Sfruit4
70204,WOW-Gi? trái cây,Sfruit6
70211,WOW-T? thu?c,SOPSbox2
70212,WOW-T? thu?c,SOPSbox3
70213,WOW-T? thu?c,SOPSbox4
70214,WOW-T? thu?c,SOPSbox6
70221,WOW-Túi v? khí,Sclosestool2
70222,WOW-Túi v? khí,Sclosestool3
70223,WOW-Túi v? khí,Sclosestool4
70224,WOW-Túi v? khí,Sclosestool6
70231,WOW-Tivi T? l?nh,Stelevision2
70232,WOW-Tivi T? l?nh,Stelevision3
70233,WOW-Tivi T? l?nh,Stelevision4
70234,WOW-Tivi T? l?nh,Stelevision6
70241,SUPER-Boomerang,boomerang2
70242,SUPER-Boomerang,boomerang3
70243,SUPER-Boomerang,boomerang4
70244,SUPER-Boomerang,boomerang6
70245,Hoàng Kim V?*,godofluck3
70248,SUPER-Boomerang,boomerang6
70261,SUPER-Th??ng c?,pike2
70262,SUPER-Th??ng c?,pike3
70263,SUPER-Th??ng c?,pike4
70264,SUPER-Th??ng c?,pike6
70268,SUPER-Th??ng c?,pike6
70271,SUPER-Búa Minotaure,ghostaxe2
70272,SUPER-Búa Minotaure,ghostaxe3
70273,SUPER-Búa Minotaure,ghostaxe4
70274,SUPER-Búa Minotaure,ghostaxe6
70275,Chi?n th?n*,ghostaxe4
70278,SUPER-Búa Minotaure,ghostaxe6
70281,D?ng c? h?c t?p,daydayup2
70282,D?ng c? h?c t?p,daydayup3
70283,D?ng c? h?c t?p,daydayup4
70284,D?ng c? h?c t?p,daydayup6
70311,SUPER-Ki?m Thánh,keris2
70312,SUPER-Ki?m Thánh,keris3
70313,SUPER-Ki?m Thánh,keris4
70314,SUPER-Ki?m Thánh,keris5
70321,SUPER-Bazooka,bazooka2
70322,SUPER-Bazooka,bazooka3
70323,SUPER-Bazooka,bazooka4
70324,SUPER-Bazooka,bazooka5
70351,Boomerang,boomerang2
70352,Boomerang,boomerang3
70353,Boomerang,boomerang4
70354,Boomerang,boomerang6
70361,Th??ng c?,pike2
70362,Th??ng c?,pike3
70363,Th??ng c?,pike4
70364,Th??ng c?,pike6
70371,Búa Minotaure,ghostaxe2
70372,Búa Minotaure,ghostaxe3
70373,Búa Minotaure,ghostaxe4
70374,Búa Minotaure,ghostaxe6
70381,VIP-Túc c?u,Football2
70382,VIP-Túc c?u,Football3
70383,VIP-Túc c?u,Football4
70384,VIP-Túc c?u,Football5
70391,WOW-Túc c?u,SFootball2
70392,WOW-Túc c?u,SFootball3
70393,WOW-Túc c?u,SFootball4
70394,WOW-Túc c?u,SFootball5
70401,WOW-Ná Th?n,Sslingshot2
70402,WOW-Ná Th?n,Sslingshot3
70403,WOW-Ná Th?n,Sslingshot4
70404,WOW-Ná Th?n,Sslingshot5
70411,SUPER-Ná Th?n,slingshot2
70412,SUPER-Ná Th?n,slingshot3
70413,SUPER-Ná Th?n,slingshot4
70414,SUPER-Ná Th?n,slingshot5
70421,Thùng tát n??c,Sbasin2
70422,Thùng tát n??c,Sbasin3
70423,Thùng tát n??c,Sbasin4
70451,wow-kem,Sicecream2
70452,wow-kem,Sicecream3
70453,wow-kem,Sicecream4
70454,wow-kem,Sicecream5
70461,WOW-Xe h?i,Scar2
70462,WOW-Xe h?i,Scar3
70463,WOW-Xe h?i,Scar4
70464,WOW-Xe h?i,Scar5
70471,Súng N??c Ma L?c,Swatergun2
70472,Súng N??c Ma L?c,Swatergun3
70473,Súng N??c Ma L?c,Swatergun4
70474,WOW - R?ng N??c,Swatergun5
70481,WOW-Photocopy,Soffice2
70482,WOW-Photocopy,Soffice3
70483,WOW-Photocopy,Soffice4
70484,WOW-Photocopy,Soffice5
70491,VIP- Samurai,nihontou2
70492,VIP- Samurai,nihontou3
70493,VIP- Samurai,nihontou4
70494,VIP- Samurai,nihontou5
70501,WOW- Samurai,Snihontou2
70502,WOW- Samurai,Snihontou3
70503,WOW- Samurai,Snihontou4
70504,WOW- Samurai,Snihontou5
70511,LEGEND - Ná Th?n,Bslingshot2
70512,LEGEND - Ná Th?n,Bslingshot3
70513,LEGEND - Ná Th?n,Bslingshot5
70514,LEGEND - Ná Th?n,Bslingshot4
70531,wow-karaoke,Snoisemachine2
70532,wow-karaoke,Snoisemachine3
70533,wow-karaoke,Snoisemachine4
70534,wow-karaoke,Snoisemachine5
70541,Th?n s?c m?nh,Football2
70542,Th?n s?c m?nh,Football3
70543,Th?n s?c m?nh,Football4
70544,Th?n s?c m?nh,Football5
70551,WOW- Th? v?n h?i,Storch2
70552,WOW- Th? v?n h?i,Storch3
70553,WOW- Th? v?n h?i,Storch4
70554,WOW- Th? v?n h?i,Storch5
70561,Chân-Pháo ngh?ch thiên,bazooka2
70562,Chân-Pháo ngh?ch thiên,bazooka3
70563,Chân-Pháo ngh?ch thiên,bazooka4
70564,Chân-Pháo ngh?ch thiên,bazooka5
70571,Ki?m bá t??c,keris2
70572,Ki?m bá t??c,keris3
70573,Ki?m bá t??c,keris5
70574,Ki?m bá t??c,keris4
70581,G?y ma pháp,wand2
70582,G?y ma pháp,wand3
70583,G?y ma pháp,wand5
70584,G?y ma pháp,wand4
70591,wow-sushi,Ssushi2
70592,wow-sushi,Ssushi3
70593,wow-sushi,Ssushi4
70594,wow-sushi,Ssushi5
70601,wow-noel,Stree2
70602,wow-noel,Stree3
70603,wow-noel,Stree4
70604,wow-noel,Stree5
70631,SUPER-Maya,maya2
70632,SUPER-Maya,maya3
70633,SUPER-Maya,maya4
70634,SUPER-Maya,maya5
70641,L??i Hái T? Th?n,sickle2
70642,L??i Hái T? Th?n,sickle3
70643,L??i Hái T? Th?n,sickle5
70644,L??i Hái T? Th?n,sickle4
70651,S - Tr?ng Barasi,Stambourine2
70652,Super - Tr?ng Barasi,Stambourine3
70653,VIP- Tr?ng Barasi,Stambourine4
70654,Legend- Tr?ng Barasi,Stambourine5
70661,WOW-No? Thâ?n,Scrossbow2
70662,WOW-No? Thâ?n,Scrossbow3
70663,WOW-No? Thâ?n,Scrossbow4
70664,WOW-No? Thâ?n,Scrossbow5
70671,SUPER-No? Thâ?n,crossbow2
70672,SUPER-No? Thâ?n,crossbow3
70673,SUPER-No? Thâ?n,crossbow5
70674,SUPER-No? Thâ?n,crossbow4
70681,LEGEND-No? Thâ?n,Bcrossbow2
70682,LEGEND-No? Thâ?n,Bcrossbow3
70683,LEGEND-No? Thâ?n,Bcrossbow5
70684,LEGEND-No? Thâ?n,Bcrossbow4
70691,WOW-Tr?ng phu?c sinh,paintedegg2
70692,WOW-Tr?ng phu?c sinh,paintedegg3
70693,WOW-Tr?ng phu?c sinh,paintedegg4
70694,WOW-Tr?ng phu?c sinh,paintedegg5
70701,WOW·Thùng tát n??c,basin2
70702,WOW·Thùng tát n??c,basin3
70703,WOW·Thùng tát n??c,basin5
70704,WOW·Thùng tát n??c,basin4
70731,Wow-Hoa? Phu?ng Ki?ch,Strident2
70732,Wow-Hoa? Phu?ng Ki?ch,Strident3
70733,Wow-Hoa? Phu?ng Ki?ch,Strident4
70734,Wow-Hoa? Phu?ng Ki?ch,Strident5
70751,WOW-Ch?i bay,besom2
70752,WOW-Ch?i bay,besom3
70753,WOW-Ch?i bay,besom4
70754,WOW-Ch?i bay,besom5
70761,WOW-Cá M?p,Shook2
70762,WOW-Cá M?p,Shook3
70763,WOW-Cá M?p,Shook4
70764,WOW-Cá M?p,Shook5
70801,Wow-Thánh Gióng,Sbamboo2
70802,Wow-Thánh Gióng,Sbamboo3
70803,Wow-Thánh Gióng,Sbamboo5
70804,Wow-Thánh Gióng,Sbamboo4
70811,WOW-Maya,SSmaya2
70812,WOW-Maya,SSmaya3
70813,WOW-Maya,SSmaya4
70814,WOW-Maya,SSmaya5
70821,LEGEND-Maya,Smaya2
70822,LEGEND-Maya,Smaya3
70823,LEGEND-Maya,Smaya5
70824,LEGEND-Maya,Smaya4
70861,Cu?ng Long Tr??ng,wand2
70862,Cu?ng Long Tr??ng,wand3
70863,Cu?ng Long Tr??ng,wand5
70864,Cu?ng Long Tr??ng,wand4
70871,Wow-Th?n th??ng,flintlock2
70872,Wow-Th?n th??ng,flintlock3
70873,Wow-Th?n th??ng,flintlock5
70874,Wow-Th?n th??ng,flintlock4
70891,SUPER-H?a Ph?ng Kích,trident2
70892,SUPER-H?a Ph?ng Kích,trident3
70893,SUPER-H?a Ph?ng Kích,trident5
70894,SUPER-H?a Ph?ng Kích,trident4
70901,Super-Karaoke,noisemachine2
70902,Super-Karaoke,noisemachine3
70903,Super-Karaoke,noisemachine5
70904,Super-Karaoke,noisemachine4
70921,Super-Lu G?ch,SSbrick2
70922,Super-Lu G?ch,SSbrick3
70923,Super-Lu G?ch,SSbrick6
70924,Super-Lu G?ch,SSbrick4
70931,Wow-G??m Th?n,Ssword2
70932,Wow-G??m Th?n,Ssword3
70933,Wow-G??m Th?n,Ssword4
70934,Wow-G??m Th?n,Ssword5
70941,SUPER-G??m Th?n,sword2
70942,SUPER-G??m Th?n,sword3
70943,SUPER-G??m Th?n,sword5
70944,SUPER-G??m Th?n,sword4
70951,Legend-G??m Th?n,SSsword2
70952,Legend-G??m Th?n,SSsword3
70953,Legend-G??m Th?n,SSsword5
70954,Legend-G??m Th?n,SSsword4
70961,Legend - Pháo Hoa,Sfirework2
70962,Legend - Pháo Hoa,Sfirework3
70963,Legend - Pháo Hoa,Sfirework5
70964,Legend - Pháo Hoa,Sfirework4
70981,WOW-Cá Chép,lotuscarp2
70982,WOW-Cá Chép,lotuscarp3
70983,WOW-Cá Chép,lotuscarp5
70984,WOW-Cá Chép,lotuscarp4
70985,Cá Chép - ??i H?ng 3,lotuscarp5
70986,Cá Chép - ??i H?ng 3,lotuscarp4
70991,Legend-Boomerang,superboomerang2
70992,Legend-Boomerang,superboomerang3
70993,Legend-Boomerang,superboomerang5
70994,Legend-Boomerang,superboomerang4
71001,WOW - Ng??i tuy?t,Ssnowman2
71002,WOW - Ng??i tuy?t,Ssnowman3
71003,WOW - Ng??i tuy?t,Ssnowman4
71004,WOW - Ng??i tuy?t,Ssnowman5
71050,Phi tiêu,dart_null
71051,Phi tiêu,dart
71131,Super-L?u ??n,SSbomb2
71132,Super-L?u ??n,SSbomb3
71133,Super-L?u ??n,SSbomb6
71134,Super-L?u ??n,SSbomb4
71141,Super-S?m Sét,Sselectricbar2
71142,Super-S?m Sét,Sselectricbar3
71143,Super-S?m Sét,Sselectricbar6
71144,Super-S?m Sét,Sselectricbar4
71151,S - Qu?t Th?n,stroublemaker2
71152,VIP - Qu?t Th?n,stroublemaker3
71153,Super - Qu?t Th?n,stroublemaker5
71154,Legend - Qu?t Th?n,stroublemaker4
71161,Legend-Ng? Lôi,Slasercannon2
71162,Legend-Ng? Lôi,Slasercannon3
71163,Legend-Ng? Lôi,Slasercannon5
71164,Legend-Ng? Lôi,Slasercannon4
71171,Super-Pháo,SSbombpack2
71172,Super-Pháo,SSbombpack3
71173,Super-Pháo,SSbombpack6
71174,Super-Pháo,SSbombpack4
71181,Super-Phi Tiêu,SSdart2
71182,Super-Phi Tiêu,SSdart3
71183,Super-Phi Tiêu,SSdart6
71184,Super-Phi Tiêu,SSdart4
71191,Super-Gi? Trái Cây,SSfruit2
71192,Super-Gi? Trái Cây,SSfruit3
71193,Super-Gi? Trái Cây,SSfruit6
71194,Super-Gi? Trái Cây,SSfruit4
71201,Super-T? Thu?c,SSOPSbox2
71202,Super-T? Thu?c,SSOPSbox3
71203,Super-T? Thu?c,SSOPSbox6
71204,Super-T? Thu?c,SSOPSbox4
71211,Super-Túi V? Khí,SSclosestool2
71212,Super-Túi V? Khí,SSclosestool3
71213,Super-Túi V? Khí,SSclosestool6
71214,Super-Túi V? Khí,SSclosestool4
71221,Super_Tivi T? L?nh,SStelevision2
71222,Super_Tivi T? L?nh,SStelevision3
71223,Super_Tivi T? L?nh,SStelevision6
71224,Super_Tivi T? L?nh,SStelevision4
71241,Super-Samurai,Ssnihontou2
71242,Super-Samurai,Ssnihontou3
71243,Super-Samurai,Ssnihontou5
71244,Super-Samurai,Ssnihontou4
71251,Super-Ch?i Bay,Sbesom2
71252,Super-Ch?i Bay,Sbesom3
71253,Super-Ch?i Bay,Sbesom5
71254,Super-Ch?i Bay,Sbesom4
71261,Super-Hoa Tình Yêu,Sthebouquet2
71262,Super-Hoa Tình Yêu,Sthebouquet3
71263,Super-Hoa Tình Yêu,Sthebouquet5
71264,Super-Hoa Tình Yêu,Sthebouquet4
71271,Super-K?o Ma Quái,lollipop2
71272,Super-K?o Ma Quái,lollipop3
71273,Super-K?o Ma Quái,lollipop4
71274,Super-K?o Ma Quái,lollipop5
71281,Legend-K?o Ma Quái,Slollipop2
71282,Legend-K?o Ma Quái,Slollipop3
71283,Legend-K?o Ma Quái,Slollipop4
71284,Legend-K?o Ma Quái,Slollipop5
71291,Legend-Halloween,Spumpkin2
71292,Legend-Halloween,Spumpkin3
71293,Legend-Halloween,Spumpkin4
71294,Legend-Halloween,Spumpkin5
71301,SUPER-Halloween,pumpkin2
71302,SUPER-Halloween,pumpkin3
71303,SUPER-Halloween,pumpkin4
71304,SUPER-Halloween,pumpkin5
71311,Super-Ng? Lôi,lasercannon2
71312,Super-Ng? Lôi,lasercannon3
71313,Super-Ng? Lôi,lasercannon4
71314,Super-Ng? Lôi,lasercannon5
71321,S - Quy?n Tr??ng,Sicestick2
71322,S - Quy?n Tr??ng,Sicestick3
71323,S - Quy?n Tr??ng,Sicestick5
71324,S - Quy?n Tr??ng,Sicestick4
71331,Quy?n Tr??ng B?ng Giá,Sicestick2
71332,Quy?n Tr??ng B?ng Giá,Sicestick3
71333,Quy?n Tr??ng B?ng Giá,Sicestick5
71334,Quy?n Tr??ng B?ng Giá,Sicestick4
71351,Legend-Tr?ng phu?c sinh,SSSpaintedegg2
71352,Legend-Tr?ng phu?c sinh,SSSpaintedegg3
71353,Legend-Tr?ng phu?c sinh,SSSpaintedegg5
71354,Legend-Tr?ng phu?c sinh,SSSpaintedegg4
71361,Legend·Cúp Vàng,Strophy2
71362,Legend·Cúp Vàng,Strophy3
71363,Legend·Cúp Vàng,Strophy4
71364,Legend·Cúp Vàng,Strophy5
71371,Legend·Th?n Giáo Ares,Sspear2
71372,Legend·Th?n Giáo Ares,Sspear3
71373,Legend·Th?n Giáo Ares,Sspear4
71374,Legend·Th?n Giáo Ares,Sspear5
71381,Supper Th?n Giáo Ares,spear2
71382,Supper Th?n Giáo Ares,spear3
71383,Supper Th?n Giáo Ares,spear4
71384,Supper Th?n Giáo Ares,spear5
71391,Legend - Dép Lào,Sslippers2
71392,Legend - Dép Lào,Sslippers3
71393,Legend - Dép Lào,Sslippers4
71394,Legend - Dép Lào,Sslippers5
71401,Super-Th?n S?m,thorhammer2
71402,Super-Th?n S?m,thorhammer3
71403,Super-Th?n S?m,thorhammer4
71404,Super-Th?n S?m,thorhammer5
71411,LEGEND - Búa Thor,Sthorhammer2
71412,LEGEND - Búa Thor,Sthorhammer3
71413,LEGEND - Búa Thor,Sthorhammer5
71414,LEGEND - Búa Thor,Sthorhammer4
71421,Super-Roi Th?n,Snunchakus2
71422,Super-Roi Th?n,Snunchakus3
71423,Super-Roi Th?n,Snunchakus4
71424,Super-Roi Th?n,Snunchakus5
71441,Super-R?ng H?a Di?m,dragon2
71442,Super-R?ng H?a Di?m,dragon3
71443,Super-R?ng H?a Di?m,dragon4
71444,Super-R?ng H?a Di?m,dragon5
71451,Th?n R?ng L?a,dragon2
71452,Th?n R?ng L?a,dragon3
71453,Th?n R?ng L?a,dragon5
71454,Th?n R?ng L?a,dragon4
71481,WOW - Qu?t Gà,aircon2
71482,WOW - Qu?t Gà,aircon3
71483,WOW - Qu?t Gà,aircon4
71484,WOW - Qu?t Gà,aircon5
71551,LEGEND-Cá Chép,Llotuscarp2
71552,LEGEND-Cá Chép,Llotuscarp3
71553,LEGEND-Cá Chép,Llotuscarp5
71554,LEGEND-Cá Chép,Llotuscarp4
71555,Cá Chép - ??i Vô ??ch,Llotuscarp5
71556,Cá Chép - ??i Vô ??ch,Llotuscarp4
71561,SUPER-Cá Chép,Slotuscarp2
71562,SUPER-Cá Chép,Slotuscarp3
71563,SUPER-Cá Chép,Slotuscarp5
71564,SUPER-Cá Chép,Slotuscarp4
71565,Cá Chép - ??i H?ng 2,Slotuscarp5
71566,Cá Chép - ??i H?ng 2,Slotuscarp4
71651,LEGEND - Sách H?c Ám,Smagicbook1
71652,LEGEND - Sách H?c Ám,Smagicbook2
71653,LEGEND - Sách H?c Ám,Smagicbook4
71654,LEGEND - Sách H?c Ám,Smagicbook3
71661,SUPER - Sách H?c Ám,magicbook1
71662,SUPER - Sách H?c Ám,magicbook2
71663,SUPER - Sách H?c Ám,magicbook4
71664,SUPER - Sách H?c Ám,magicbook3
71761,SUPER - ?àn H?c Ám,organ
71762,SUPER - ?àn H?c Ám,organ
71763,SUPER - ?àn H?c Ám,organ3
71764,SUPER - ?àn H?c Ám,organ2
71781,LEGEND - ?àn H?c Ám,Sorgan
71782,LEGEND - ?àn H?c Ám,Sorgan
71783,LEGEND - ?àn H?c Ám,Sorgan3
71784,LEGEND - ?àn H?c Ám,Sorgan2
71811,SUPER-Lì Xì,luckmoney
71812,SUPER-Lì Xì,luckmoney
71813,SUPER-Lì Xì,luckmoney2
71814,SUPER-Lì Xì,luckmoney3
71821,LEGEND-Lì Xì,Sluckmoney
71822,LEGEND-Lì Xì,Sluckmoney
71823,LEGEND-Lì Xì,Sluckmoney2
71824,LEGEND-Lì Xì,Sluckmoney3
71841,LEGEND-G?y Nh? Ý,SSSgcudgel
71842,LEGEND-G?y Nh? Ý,SSSgcudgel
71843,LEGEND-G?y Nh? Ý,SSSgcudgel3
71844,LEGEND-G?y Nh? Ý,SSSgcudgel2
71851,SUPER-G?y Nh? Ý,SSgcudgel
71852,SUPER-G?y Nh? Ý,SSgcudgel
71853,SUPER-G?y Nh? Ý,SSgcudgel3
71854,SUPER-G?y Nh? Ý,SSgcudgel2
71861,WOW-G?y Nh? Ý,Sgcudgel
71862,WOW-G?y Nh? Ý,Sgcudgel
71863,WOW-G?y Nh? Ý,Sgcudgel3
71864,WOW-G?y Nh? Ý,Sgcudgel2
71881,LEGEND-Vua Mèo,Lcat
71882,LEGEND-Vua Mèo,Lcat
71883,LEGEND-Vua Mèo,Lcat2
71884,LEGEND-Vua Mèo,Lcat3
71891,WOW-Vua Mèo,cat
71892,WOW-Vua Mèo,cat
71893,WOW-Vua Mèo,cat2
71894,WOW-Vua Mèo,cat3
71901,WOW-X?p Hình,Sgamegun
71902,WOW-X?p Hình,Sgamegun
71903,WOW-X?p Hình,Sgamegun2
71904,WOW-X?p Hình,Sgamegun3
71911,SUPER-X?p Hình,SSgamegun
71912,SUPER-X?p Hình,SSgamegun
71913,SUPER-X?p Hình,SSgamegun2
71914,SUPER-X?p Hình,SSgamegun3
71921,LEGEND-X?p Hình,SSSgamegun
71922,LEGEND-X?p Hình,SSSgamegun
71923,LEGEND-X?p Hình,SSSgamegun2
71924,LEGEND-X?p Hình,SSSgamegun3
71941,LEGEND-Th??ng C?,ygzq
71942,LEGEND-Th??ng C?,ygzq
71943,LEGEND-Th??ng C?,ygzq2
71944,LEGEND-Th??ng C?,ygzq3
71961,LEGEND-Thánh Ki?m Theia,11601
71962,LEGEND-Thánh Ki?m Theia,11601
71963,LEGEND-Thánh Ki?m Theia,11602
71964,LEGEND-Thánh Ki?m Theia,11603
71991,SUPER-Vua Mèo,Scat
71992,SUPER-Vua Mèo,Scat
71993,SUPER-Vua Mèo,Scat2
71994,SUPER-Vua Mèo,Scat3
72020,N? Vàng (C?u vi?n),bow3
72041,WOW-Bong Bóng,11701
72042,WOW-Bong Bóng,11701
72043,WOW-Bong Bóng,11702
72044,WOW-Bong Bóng,11703
72051,SUPER-Bong Bóng,S11701
72052,SUPER-Bong Bóng,S11701
72053,SUPER-Bong Bóng,S11702
72054,SUPER-Bong Bóng,S11703
72091,WOW-GunPhone,11901
72092,WOW-GunPhone,11901
72093,WOW-GunPhone,11902
72094,WOW-GunPhone,11903
72101,SUPER-GunPhone,S11901
72102,SUPER-GunPhone,S11901
72103,SUPER-GunPhone,S11902
72104,SUPER-GunPhone,S11903
72111,LEGEND-GunPhone,SS11901
72112,LEGEND-GunPhone,SS11901
72113,LEGEND-GunPhone,SS11902
72114,LEGEND-GunPhone,SS11903
72121,WOW-V?c-xin,12001
72122,WOW-V?c-xin,12002
72123,WOW-V?c-xin,12003
72124,WOW-V?c-xin,12004
72131,SUPER-V?c-xin,S12001
72132,SUPER-V?c-xin,S12002
72133,SUPER-V?c-xin,S12003
72134,SUPER-V?c-xin,S12004
75011,Hoàng Kim V?*,godofluck5
75012,Hoàng Kim V?*,godofluck5
75013,Hoàng Kim V?*,godofluck5
75014,Hoàng Kim V?*,godofluck5
75021,Chi?n th?n*,ghostaxe4
75022,Chi?n th?n*,ghostaxe4
75023,Chi?n th?n*,ghostaxe4
75024,Chi?n th?n*,ghostaxe4
75481,SUPER - Qu?t Gà,Saircon2
75482,SUPER - Qu?t Gà,Saircon3
75483,SUPER - Qu?t Gà,Saircon4
75484,SUPER - Qu?t Gà,Saircon5
75491,LEGEND - Qu?t Gà,SSaircon2
75492,LEGEND - Qu?t Gà,SSaircon3
75493,LEGEND - Qu?t Gà,SSaircon4
75494,LEGEND - Qu?t Gà,SSaircon5
7023131,Hoàng Kim V?*,godofluck4
